{"mean":{"confidence_interval":{"confidence_level":0.95,"lower_bound":-0.013796244592644438,"upper_bound":0.008543357416254782},"point_estimate":-0.0019994914214102044,"standard_error":0.005695732844300897},"median":{"confidence_interval":{"confidence_level":0.95,"lower_bound":0.0041934096476123894,"upper_bound":0.01269164667878675},"point_estimate":0.010006206108746918,"standard_error":0.0021525784407737704}}