{"mean":{"confidence_interval":{"confidence_level":0.95,"lower_bound":-0.04116503268941146,"upper_bound":-0.018194564113454003},"point_estimate":-0.02974237313821282,"standard_error":0.005866431721504593},"median":{"confidence_interval":{"confidence_level":0.95,"lower_bound":-0.033213209700991175,"upper_bound":-0.021037764893028055},"point_estimate":-0.02909851880426184,"standard_error":0.003111405516033862}}