{"mean":{"confidence_interval":{"confidence_level":0.95,"lower_bound":324263.2052220848,"upper_bound":335718.23989155557},"point_estimate":329529.2840573547,"standard_error":2948.045482261628},"median":{"confidence_interval":{"confidence_level":0.95,"lower_bound":316130.4431818182,"upper_bound":321835.1867816092},"point_estimate":318787.06083333335,"standard_error":1324.6850539570967},"median_abs_dev":{"confidence_interval":{"confidence_level":0.95,"lower_bound":5363.305404782295,"upper_bound":12679.727345276626},"point_estimate":8836.839261400473,"standard_error":1660.9907778133365},"slope":{"confidence_interval":{"confidence_level":0.95,"lower_bound":322575.59102638805,"upper_bound":330396.5803198088},"point_estimate":326302.47737180436,"standard_error":1990.7986749232416},"std_dev":{"confidence_interval":{"confidence_level":0.95,"lower_bound":18020.745169058126,"upper_bound":39496.02848028629},"point_estimate":29616.262434881344,"standard_error":5494.42998798479}}