{"mean":{"confidence_interval":{"confidence_level":0.95,"lower_bound":28791410.24675,"upper_bound":29137017.771250002},"point_estimate":28946451.38,"standard_error":88680.012050409},"median":{"confidence_interval":{"confidence_level":0.95,"lower_bound":28741048.0,"upper_bound":28845208.25},"point_estimate":28797529.25,"standard_error":28871.81098082826},"median_abs_dev":{"confidence_interval":{"confidence_level":0.95,"lower_bound":159399.88292008638,"upper_bound":354973.35194796324},"point_estimate":258623.9981085062,"standard_error":52012.928827352116},"slope":null,"std_dev":{"confidence_interval":{"confidence_level":0.95,"lower_bound":474201.37998755625,"upper_bound":1258172.6373899793},"point_estimate":884810.0415899362,"standard_error":204785.88955987425}}