{"mean":{"confidence_interval":{"confidence_level":0.95,"lower_bound":-0.00891864375725842,"upper_bound":0.011483225410505027},"point_estimate":0.0012521224208061899,"standard_error":0.005227658520895597},"median":{"confidence_interval":{"confidence_level":0.95,"lower_bound":-0.0017357227389871808,"upper_bound":0.01296752598479367},"point_estimate":0.008088434234614361,"standard_error":0.0033840427894185937}}