{"mean":{"confidence_interval":{"confidence_level":0.95,"lower_bound":157590877.0655,"upper_bound":184474366.8355},"point_estimate":170568179.78,"standard_error":6844765.010947872},"median":{"confidence_interval":{"confidence_level":0.95,"lower_bound":137435939.5,"upper_bound":172804174.0},"point_estimate":155243052.5,"standard_error":7956622.92653012},"median_abs_dev":{"confidence_interval":{"confidence_level":0.95,"lower_bound":49848772.47120738,"upper_bound":78458747.3096788},"point_estimate":56309072.87031412,"standard_error":7872850.918050605},"slope":null,"std_dev":{"confidence_interval":{"confidence_level":0.95,"lower_bound":51893024.6766111,"upper_bound":84677039.4549941},"point_estimate":68672082.60049993,"standard_error":8417677.751402237}}