{"mean":{"confidence_interval":{"confidence_level":0.95,"lower_bound":0.021226490913535134,"upper_bound":0.09855859063289049},"point_estimate":0.057579123017202694,"standard_error":0.01955067446614844},"median":{"confidence_interval":{"confidence_level":0.95,"lower_bound":0.005065281401510857,"upper_bound":0.07982571115631543},"point_estimate":0.036192948536569736,"standard_error":0.01850892954302405}}