{"mean":{"confidence_interval":{"confidence_level":0.95,"lower_bound":-0.01899214517540806,"upper_bound":-0.00015889165208706618},"point_estimate":-0.009720137402106532,"standard_error":0.004792620256231358},"median":{"confidence_interval":{"confidence_level":0.95,"lower_bound":-0.006029168655518724,"upper_bound":0.000928929011752011},"point_estimate":-0.0031582888316897817,"standard_error":0.0018060556020338926}}