{"mean":{"confidence_interval":{"confidence_level":0.95,"lower_bound":0.012761835320373735,"upper_bound":0.03571687356292972},"point_estimate":0.024367904073661517,"standard_error":0.0057764755755663495},"median":{"confidence_interval":{"confidence_level":0.95,"lower_bound":0.024838778937872785,"upper_bound":0.03025608698445037},"point_estimate":0.02779758733877702,"standard_error":0.0014989373475447012}}