{"mean":{"confidence_interval":{"confidence_level":0.95,"lower_bound":4558499.894454546,"upper_bound":4620364.627659092},"point_estimate":4586872.237272727,"standard_error":15937.02133310579},"median":{"confidence_interval":{"confidence_level":0.95,"lower_bound":4536426.863636363,"upper_bound":4558683.454545454},"point_estimate":4548156.909090908,"standard_error":6220.459821601834},"median_abs_dev":{"confidence_interval":{"confidence_level":0.95,"lower_bound":30191.86803671428,"upper_bound":57582.29603225572},"point_estimate":39838.202592731905,"standard_error":7760.704096417148},"slope":null,"std_dev":{"confidence_interval":{"confidence_level":0.95,"lower_bound":92875.24025476999,"upper_bound":217173.8640743432},"point_estimate":159648.90349012875,"standard_error":31964.78516312686}}