{"mean":{"confidence_interval":{"confidence_level":0.95,"lower_bound":-0.01485584078753901,"upper_bound":-0.006893262021439117},"point_estimate":-0.010786881932146719,"standard_error":0.0020366874176960753},"median":{"confidence_interval":{"confidence_level":0.95,"lower_bound":-0.015636442884752095,"upper_bound":-0.003616573710329418},"point_estimate":-0.009807431029253078,"standard_error":0.0031137885852511194}}