{"mean":{"confidence_interval":{"confidence_level":0.95,"lower_bound":-0.010477636271050259,"upper_bound":0.011195450032443299},"point_estimate":-0.00025222683180736727,"standard_error":0.005501865218660041},"median":{"confidence_interval":{"confidence_level":0.95,"lower_bound":-0.006504836636684486,"upper_bound":0.0033219865972867694},"point_estimate":-0.002137467300914464,"standard_error":0.0022208514384046744}}