{"mean":{"confidence_interval":{"confidence_level":0.95,"lower_bound":-0.07704393592449654,"upper_bound":-0.04777817123243787},"point_estimate":-0.06195464345755519,"standard_error":0.00747724326786898},"median":{"confidence_interval":{"confidence_level":0.95,"lower_bound":-0.048007168668838696,"upper_bound":-0.03454004087877871},"point_estimate":-0.04088638060268257,"standard_error":0.0033345689551856133}}