{"mean":{"confidence_interval":{"confidence_level":0.95,"lower_bound":-0.012825910676485783,"upper_bound":0.0072460792295788255},"point_estimate":-0.003009966139595699,"standard_error":0.005106447818201638},"median":{"confidence_interval":{"confidence_level":0.95,"lower_bound":0.00007864079443664629,"upper_bound":0.0073490815644137175},"point_estimate":0.003063848545787007,"standard_error":0.001878534340419299}}