{"mean":{"confidence_interval":{"confidence_level":0.95,"lower_bound":-0.0029662702424571733,"upper_bound":0.02697298348828753},"point_estimate":0.012173289297389367,"standard_error":0.007633160228621365},"median":{"confidence_interval":{"confidence_level":0.95,"lower_bound":0.018526579172248203,"upper_bound":0.0327990029960759},"point_estimate":0.026103968403910827,"standard_error":0.003353257053673621}}