{"mean":{"confidence_interval":{"confidence_level":0.95,"lower_bound":-0.11352800347812071,"upper_bound":0.10973360739360481},"point_estimate":-0.008007108299701526,"standard_error":0.05684546099624421},"median":{"confidence_interval":{"confidence_level":0.95,"lower_bound":-0.10338110812638324,"upper_bound":0.2622997251115813},"point_estimate":0.10814093248283019,"standard_error":0.09066140005674761}}