{"mean":{"confidence_interval":{"confidence_level":0.95,"lower_bound":-0.020884560704061566,"upper_bound":-0.010398742126680113},"point_estimate":-0.015722295551798604,"standard_error":0.002677051261626148},"median":{"confidence_interval":{"confidence_level":0.95,"lower_bound":-0.018614060193479776,"upper_bound":-0.009273060946498046},"point_estimate":-0.015379390048769204,"standard_error":0.0023796218525620363}}