{"mean":{"confidence_interval":{"confidence_level":0.95,"lower_bound":-0.03833385970512393,"upper_bound":-0.01404204034024714},"point_estimate":-0.026578143947540545,"standard_error":0.006186153254195964},"median":{"confidence_interval":{"confidence_level":0.95,"lower_bound":-0.02357008879829592,"upper_bound":-0.0046441914787218085},"point_estimate":-0.010241760416672019,"standard_error":0.005302416055782388}}