{"mean":{"confidence_interval":{"confidence_level":0.95,"lower_bound":2029316.1941666666,"upper_bound":2068474.4477604164},"point_estimate":2046911.7874999994,"standard_error":10090.969792951586},"median":{"confidence_interval":{"confidence_level":0.95,"lower_bound":2013122.8333333333,"upper_bound":2037092.125},"point_estimate":2025477.1875,"standard_error":6432.620560046802},"median_abs_dev":{"confidence_interval":{"confidence_level":0.95,"lower_bound":34040.06297066796,"upper_bound":61559.49681960046},"point_estimate":44797.80837967998,"standard_error":6924.789657389538},"slope":null,"std_dev":{"confidence_interval":{"confidence_level":0.95,"lower_bound":51533.653153813684,"upper_bound":143754.6334224988},"point_estimate":101316.79417474885,"standard_error":23916.889638481265}}