{"mean":{"confidence_interval":{"confidence_level":0.95,"lower_bound":0.11061879148976371,"upper_bound":0.17662278821175334},"point_estimate":0.1428406025831317,"standard_error":0.017042315358348104},"median":{"confidence_interval":{"confidence_level":0.95,"lower_bound":0.08168043403663668,"upper_bound":0.1340579035232914},"point_estimate":0.10585641196918605,"standard_error":0.013183239649324482}}