{"mean":{"confidence_interval":{"confidence_level":0.95,"lower_bound":54669607.99,"upper_bound":65130152.10074999},"point_estimate":59700386.68,"standard_error":2681384.4606940337},"median":{"confidence_interval":{"confidence_level":0.95,"lower_bound":43299530.0,"upper_bound":56116460.0},"point_estimate":49678100.0,"standard_error":3515441.0928610396},"median_abs_dev":{"confidence_interval":{"confidence_level":0.95,"lower_bound":10705073.079746962,"upper_bound":26237009.828799963},"point_estimate":19550422.41961062,"standard_error":3662451.205735106},"slope":null,"std_dev":{"confidence_interval":{"confidence_level":0.95,"lower_bound":21559235.196084313,"upper_bound":31128024.085098054},"point_estimate":26772649.453865692,"standard_error":2450229.6999375233}}