{"mean":{"confidence_interval":{"confidence_level":0.95,"lower_bound":-0.21788230961461366,"upper_bound":0.023801386436568674},"point_estimate":-0.10772367848516695,"standard_error":0.06181804100689789},"median":{"confidence_interval":{"confidence_level":0.95,"lower_bound":-0.29121763943709167,"upper_bound":0.06501777799654485},"point_estimate":-0.1833590147540105,"standard_error":0.08990881404291985}}