{"mean":{"confidence_interval":{"confidence_level":0.95,"lower_bound":-0.012252885653267685,"upper_bound":-0.0010957228421192326},"point_estimate":-0.006499130427354061,"standard_error":0.002849713016910699},"median":{"confidence_interval":{"confidence_level":0.95,"lower_bound":-0.012480026199544247,"upper_bound":-0.006605103524170054},"point_estimate":-0.009613881820545234,"standard_error":0.0014930085607970437}}