{"mean":{"confidence_interval":{"confidence_level":0.95,"lower_bound":-0.03573867524209841,"upper_bound":0.003741711654661125},"point_estimate":-0.016517827806511898,"standard_error":0.010094848132680143},"median":{"confidence_interval":{"confidence_level":0.95,"lower_bound":-0.03901707268274479,"upper_bound":-0.003597702291122329},"point_estimate":-0.02523834095986044,"standard_error":0.008951313428817324}}