{"mean":{"confidence_interval":{"confidence_level":0.95,"lower_bound":109449.50909033077,"upper_bound":111008.23430280709},"point_estimate":110115.59930298511,"standard_error":403.13376443275837},"median":{"confidence_interval":{"confidence_level":0.95,"lower_bound":108645.83561643836,"upper_bound":109180.30568181818},"point_estimate":108946.04776334777,"standard_error":128.45454030923858},"median_abs_dev":{"confidence_interval":{"confidence_level":0.95,"lower_bound":641.6637312984943,"upper_bound":1338.5995278914647},"point_estimate":994.3921783222447,"standard_error":174.01834559084648},"slope":{"confidence_interval":{"confidence_level":0.95,"lower_bound":109098.80789619334,"upper_bound":110146.01875451939},"point_estimate":109577.52337106547,"standard_error":268.89834178713454},"std_dev":{"confidence_interval":{"confidence_level":0.95,"lower_bound":1761.6007732755415,"upper_bound":6277.056627851392},"point_estimate":4061.431372988359,"standard_error":1345.7010167480826}}