{"mean":{"confidence_interval":{"confidence_level":0.95,"lower_bound":-0.04532174809694954,"upper_bound":-0.0064642053877330165},"point_estimate":-0.027855030317301965,"standard_error":0.009628631587813116},"median":{"confidence_interval":{"confidence_level":0.95,"lower_bound":-0.054671479849846105,"upper_bound":-0.03926890885599599},"point_estimate":-0.046425531124864805,"standard_error":0.0037846990430169918}}